<?xml version="1.0" encoding="UTF-8" standalone="yes"?>
<ns2:export xmlns="http://zakupki.gov.ru/oos/types/1" xmlns:ns6="http://zakupki.gov.ru/oos/CPtypes/1" xmlns:ns5="http://zakupki.gov.ru/oos/TPtypes/1" xmlns:ns8="http://zakupki.gov.ru/oos/EPtypes/1" xmlns:ns7="http://zakupki.gov.ru/oos/pprf615types/1" xmlns:ns9="http://zakupki.gov.ru/oos/SMTypes/1" xmlns:ns11="http://zakupki.gov.ru/oos/control99/1" xmlns:ns10="http://zakupki.gov.ru/oos/printform/1" xmlns:ns2="http://zakupki.gov.ru/oos/export/1" xmlns:ns4="http://zakupki.gov.ru/oos/base/1" xmlns:ns3="http://zakupki.gov.ru/oos/common/1">
    <ns2:fcsClarification schemeVersion="10.2">
        <id>2114387</id>
        <externalId>508068</externalId>
        <purchaseNumber>0335200014920001635</purchaseNumber>
        <docNumber>№РД1</docNumber>
        <docPublishDate>2020-09-02T18:16:09.220+02:00</docPublishDate>
        <href>https://zakupki.gov.ru/epz/order/notice/ea44/view/documents.html?regNumber=0335200014920001635</href>
        <topic>Разъяснения положений документации об электронном аукционе 
на право заключения контракта на поставку программно-аппаратных комплексов VPN-шлюза на базе протокола TLS КриптоПро NGate</topic>
    </ns2:fcsClarification>
</ns2:export>