<?xml version="1.0" encoding="UTF-8" standalone="yes"?>
<ns2:export xmlns="http://zakupki.gov.ru/oos/types/1" xmlns:ns6="http://zakupki.gov.ru/oos/CPtypes/1" xmlns:ns5="http://zakupki.gov.ru/oos/TPtypes/1" xmlns:ns8="http://zakupki.gov.ru/oos/EPtypes/1" xmlns:ns7="http://zakupki.gov.ru/oos/pprf615types/1" xmlns:ns9="http://zakupki.gov.ru/oos/SMTypes/1" xmlns:ns11="http://zakupki.gov.ru/oos/control99/1" xmlns:ns10="http://zakupki.gov.ru/oos/printform/1" xmlns:ns2="http://zakupki.gov.ru/oos/export/1" xmlns:ns4="http://zakupki.gov.ru/oos/base/1" xmlns:ns3="http://zakupki.gov.ru/oos/common/1">
    <ns2:fcsPlacementResult schemeVersion="10.2">
        <purchaseNumber>0335100003120000089</purchaseNumber>
        <lotNumber>1</lotNumber>
        <foundationProtocolNumber>0335100003120000089-2</foundationProtocolNumber>
        <versionNumber>0</versionNumber>
        <createDate>2020-09-08T16:05:08.523+02:00</createDate>
        <procedurelFailed>true</procedurelFailed>
        <abandonedReason>
            <code>EA44PRZOV</code>
            <objectName>fcsProtocolEFSinglePart</objectName>
            <name>Принято решение о признании только одного участника закупки, подавшего заявку на участие в электронном аукционе, его участником. По результатам рассмотрения заявки единственного участника, данная заявка признана соответствующей требованиям Федерального закона № 44-ФЗ и документации об аукционе. (п. 3 ч.2 ст. 71)</name>
            <type>OV</type>
        </abandonedReason>
        <applications>
            <application>
                <journalNumber>10</journalNumber>
                <appRating>0</appRating>
                <result>CC</result>
                <price>2829677.93</price>
            </application>
        </applications>
        <result>CC</result>
    </ns2:fcsPlacementResult>
</ns2:export>