<?xml version="1.0" encoding="UTF-8" standalone="yes"?>
<ns2:export xmlns="http://zakupki.gov.ru/oos/types/1" xmlns:ns6="http://zakupki.gov.ru/oos/CPtypes/1" xmlns:ns5="http://zakupki.gov.ru/oos/TPtypes/1" xmlns:ns8="http://zakupki.gov.ru/oos/EPtypes/1" xmlns:ns7="http://zakupki.gov.ru/oos/pprf615types/1" xmlns:ns9="http://zakupki.gov.ru/oos/SMTypes/1" xmlns:ns11="http://zakupki.gov.ru/oos/control99/1" xmlns:ns10="http://zakupki.gov.ru/oos/printform/1" xmlns:ns2="http://zakupki.gov.ru/oos/export/1" xmlns:ns4="http://zakupki.gov.ru/oos/base/1" xmlns:ns3="http://zakupki.gov.ru/oos/common/1">
    <ns2:fcsPlacementResult schemeVersion="10.2">
        <purchaseNumber>0335300004320000036</purchaseNumber>
        <lotNumber>1</lotNumber>
        <foundationProtocolNumber>0335300004320000036-3</foundationProtocolNumber>
        <versionNumber>0</versionNumber>
        <createDate>2020-09-01T12:13:19.117+02:00</createDate>
        <procedurelFailed>true</procedurelFailed>
        <abandonedReason>
            <code>EAP44PPIOV4</code>
            <objectName>fcsProtocolEF3</objectName>
            <name>В течение десяти минут после начала проведения электронного аукциона было подано единственное предложение о цене контракта. По результатам рассмотрения второй части такой заявки принято решение о ее соответствии требованиям, установленным документацией об электронном аукционе (ч.13 ст.69 Закона № 44-ФЗ).</name>
        </abandonedReason>
        <applications>
            <application>
                <journalNumber>2</journalNumber>
                <appRating>0</appRating>
                <result>CC</result>
                <price>3132.26</price>
            </application>
        </applications>
        <result>CC</result>
    </ns2:fcsPlacementResult>
</ns2:export>