<?xml version="1.0" encoding="UTF-8" standalone="yes"?>
<ns2:export xmlns="http://zakupki.gov.ru/oos/types/1" xmlns:ns6="http://zakupki.gov.ru/oos/CPtypes/1" xmlns:ns5="http://zakupki.gov.ru/oos/TPtypes/1" xmlns:ns8="http://zakupki.gov.ru/oos/EPtypes/1" xmlns:ns7="http://zakupki.gov.ru/oos/pprf615types/1" xmlns:ns9="http://zakupki.gov.ru/oos/SMTypes/1" xmlns:ns11="http://zakupki.gov.ru/oos/control99/1" xmlns:ns10="http://zakupki.gov.ru/oos/printform/1" xmlns:ns2="http://zakupki.gov.ru/oos/export/1" xmlns:ns4="http://zakupki.gov.ru/oos/base/1" xmlns:ns3="http://zakupki.gov.ru/oos/common/1">
    <ns2:fcsPlacementResult schemeVersion="10.2">
        <purchaseNumber>0335200014920001630</purchaseNumber>
        <lotNumber>1</lotNumber>
        <foundationProtocolNumber>0335200014920001630-0</foundationProtocolNumber>
        <versionNumber>0</versionNumber>
        <createDate>2020-09-07T17:28:58.890+02:00</createDate>
        <procedurelFailed>true</procedurelFailed>
        <abandonedReason>
            <code>EA44PRENV</code>
            <objectName>fcsProtocolEFSingleApp</objectName>
            <name>По результатам рассмотрения единственной заявки, данная заявка отклонена. Электронный аукцион признан несостоявшимся по основанию, предусмотренному ч. 1 ст. 71 Федерального закона № 44-ФЗ</name>
            <type>NV</type>
        </abandonedReason>
        <result>RC</result>
    </ns2:fcsPlacementResult>
</ns2:export>